is_sarcastic	headline
1	Cuanto más estoy contigo, más ganas me entran de quedarme solo
1	Tenemos un gran gobierno. Por eso nos ha costado tanto dinero
1	Me gustaría ser tu mejor desconocido
1	La suerte es el gran aliado de mis enemigos cuando tienen éxito
1	La memoria tiene un don: recuerda especialmente aquello que queremos olvidar
1	Sé hacer varias cosas a la vez, pero se me da mejor evitar hacer varias cosas al mismo tiempo
1	Desde que me pusiste los cuernos he querido tirarme por un barranco, pero no lo voy a hacer porque no tengo alas, sino cuernos
1	¿Quieres ser productivo? Cambia tu personalidad
1	No puedes ser uno entre un millón, porque eso significaría que eres como otros siete millones de personas en este mundo
1	Si no aprendes a sonreír por ti mismo, yo puedo ayudarte haciéndolo por ti
1	Basta con hacerme feliz para que mi debilidad te permita jugar con mis sentimientos
1	El ser humano es extraordinario. Sabe identificar una piedra cuando se ha tropezado con ella por segunda vez
1	Alguien que piensa lógicamente proporciona un contraste genial al mundo
1	Soy experto fingiendo que la opinión de los demás me importa
1	Puedes ser cualquier cosa que quieres; sin embargo, en tu caso deberías apuntar bajo
1	La experiencia es algo maravilloso. Te permite reconocer un error cuando lo vuelves a cometer
1	El amor nunca muere de hambre; con frecuencia, de indigestión
1	Soy responsable de lo que digo, no de que lo entiendas
1	Si quisiera un centavo rompería la hucha de mi hijo -si tuviera un hijo-
1	El hombre feliz es más raro que un cuervo blanco
1	Si eres uno entre un millón, hay seis millones de personas exactamente igual que tú
1	Todos llevamos un niño dentro. A Algunos se nos nota y a otros no
1	Cada vez que te miro tengo un feroz deseo de sentirme solo
1	Discutir con una mujer es como ser atacado por un oso… Lo mejor es hacerse el muerto con la esperanza de que se aburra y se vaya
1	Si te casas lo lamentarás. Si no te casas, también lo lamentarás
1	Si todo parece estar yendo bien, obviamente has pasado algo por alto
1	El jurado está compuesto por doce personas elegidas para decidir quién tiene el mejor abogado
1	El humor se tiene o no se tiene y es la manera de ver las cosas con claridad
1	La gente aprecia las cosas pequeñas que haces por ellas. Y así es como evitas que te pidan hacer algo más
1	El hombre no es más que un omnívoro que viste pantalones
1	El amor tiene fácil la entrada y difícil la salida
1	El hombre moderno es el eslabón perdido entre los monos y el ser humano
1	Me gustaría tomarte en serio, pero hacerlo sería ofender tu inteligencia
1	Él puede parecer un idiota y actuar como un idiota. Pero no se deje engañar. Es realmente un idiota
1	No soy vegetariana porque ame a los animales; lo soy porque odio a las plantas
1	El matrimonio es tratar de solucionar entre dos problemas que nunca hubieran surgido al estar solos
1	Hoy me enamoré de alguien que ni siquiera conozco, ¿y ustedes qué han hecho para arruinar sus vidas?
1	Nada hay en la tierra más difícil de sostener que la boca
1	Si pudiéramos vender nuestras experiencias en lo que nos cuestan, todos seríamos millonarios
1	Disculpen si les llamo caballeros, pero es que no les conozco muy bien
1	Las mujeres son como los delfines: está comprobado científicamente que son demasiado inteligentes, pero pocos las entienden
1	Nunca desperdicies una oportunidad para callarte
1	Un día cualquiera te darás cuenta de que tus hijos salieron bien feos y te vas a preguntar por qué no te casaste conmigo
1	No es que tenga miedo a morirme. Es tan sólo, que no quiero estar allí cuando suceda
1	No hay cosa más difícil, bien mirado, que conocer un necio si es callado
1	El verdadero héroe de algunas obras literarias es el lector que las aguanta
1	No soy lo suficientemente joven para saberlo
1	La experiencia es como un peine que te dan, justo cuando te quedas calvo
1	En ningún momento he dudado que las mujeres son tontas. Al fin y al cabo el Todopoderoso las creó a imagen y semejanza de los hombres
1	He pasado una noche estupenda. Pero no ha sido esta
1	Haz algo productivo. Deja de ser tú mismo
1	Cualquier mujer puede ser glamurosa. Todo lo que tienes que hacer es permanecer de pie y parecer estúpida
1	Es cierto que no te quiero tanto como cuando éramos novios, pero a mí nunca me han gustado las mujeres casadas
1	Lo he hablado a mi esposa en años. No la quería interrumpir
1	Estamos especializados en una armoniosa repetición del desastre y la estupidez
1	Estos son mis principios. Si a usted no le gustan, tengo otros
1	La reunión entre procastinadores se ha pospuesto
1	Hablar oscuramente lo sabe hacer cualquiera, con claridad lo hacen muy pocos
1	Hay dos tipos de mujeres: las feas y las que se pintan
1	Hay mucha gente que cuando ha de hacer algo, hace algo; aunque no sea exactamente lo que ha de hacer
1	La experiencia es la enfermedad que ofrece el menor peligro de contagio
1	La Historia es como una destilación del chismorreo
1	La consecuencia de no pertenecer a ningún partido será que los molestaré a todos
1	La estupidez insiste siempre
1	¿Cien mil espermatozoides y fuiste el más rápido?
1	Fuera del perro, un libro es probablemente el mejor amigo del hombre, y dentro del perro probablemente está demasiado oscuro para leer
1	Estoy impresionado; nunca he conocido una mente tan pequeña en una cabeza tan grande
1	Los jóvenes piensan que los viejos son tontos. Los viejos saben que los jóvenes lo son
1	Los solteros deberían pagar más impuestos. No es justo que unos hombres sean más felices que otros
1	La hora perfecta de comer es, para el rico cuando tiene ganas, y para el pobre, cuando tiene qué
1	La magnitud de las cantidades de dinero parece variar en modo notable según hayan de ser pagadas o cobradas
1	La muerte está tan segura de cogerte, que te deja una vida de ventaja
1	Detrás de cada gran hombre hay una gran mujer. Detrás de ella, está su esposa
1	Los hombres engañan más que las mujeres; las mujeres, mejor
1	El mejor matrimonio sería aquel que reuniese a una mujer ciega con un marido sordo
1	Jamás ha habido un niño tan adorable que la madre no quiera poner a dormir
1	La caridad bien entendida empieza por uno mismo, y generalmente acaba ahí
1	La ciencia es una disciplina en la que el tonto de hoy puede sobrepasar el punto alcanzado por el genio de la generación precedente
1	La muerte tiene una sola cosa agradable: las viudas
1	No te preocupes por tu corazón, te durará toda la vida
1	Optimista es aquél que cree poder resolver un atasco de tráfico tocando el claxon
1	Reconozco que muchas de mis bromas son muy idiotas. Admito mi parte de culpa en el proceso de idiotización del país
1	Seguramente, existen muchas razones para los divorcios; pero la principal, es y será la boda
1	La primera mitad de nuestra vida nos la estropean nuestros padres; la segunda nuestros hijos
1	La razón que muchos retratos no sean fieles, es que las personas al posar, no se esfuerzan por parecerse a sus retratos
1	La sabiduría nos llega cuando ya no nos sirve de nada
1	La televisión ha hecho maravillas por mi cultura. En cuanto alguien enciende la televisión, voy a la biblioteca y me leo un buen libro
1	La tontería es la más extraña de las enfermedades. El enfermo nunca sufre, los que padecen la enfermedad son los demás
1	La vida es una enfermedad de transmisión sexual
1	Las mujeres desconfían demasiado de los hombres en general y muy poco en particular
1	Lo de "Hogar dulce hogar" debe haberlo escrito un hombre soltero
1	Lo único en el mundo peor que una mujer es otra
1	Los astrónomos aseguran que el universo es finito, lo cual es reconfortante para aquellos que no podemos recordar dónde dejamos las cosas
1	Los hombres construyen puentes y tienden vías férreas a través de desiertos, y, no obstante, sostienen con éxito, que coser un botón es una tarea superior a ellos
1	Me opongo a toda superstición, sea musulmana, cristiana, judía o budista
1	Pensaba que ibas a ser el amor de mi vida, pero resulta que has acabado siendo el amor de muchas otras vidas
1	Eres sin duda la mejor peor relación que he tenido en toda mi vida
1	Cuando pensaba que me estabas prestando atención, resulta que solo estabas pensando en tus cosas
1	Me haces el segundo o tercer hombre más feliz del mundo creo yo
1	Al menos podrías haber disimulado un poco que me eras infiel, la verdad es que pillarte en nuestra cama ha sido algo muy poco discreto
1	No sé en qué momento te he querido más, si cuando me dejaste o cuando te fuiste con mi mejor amigo
1	Estoy muy agradecido, de verdad, al final me has dado la única cosa que solo tú me podrías haber dado nunca, tu ausencia
1	Crees que me has decepcionado, pero lo cierto es que no, ya que solo decepcionan aquellas personas de las que esperabas algo
1	Eres sin duda el bicho más guapo que he visto en toda mi vida
1	Pues es verdad eso de que tenías una relación maravillosa, qué pena que fuera con el hombre con el que me ponías los cuernos
1	Siempre me habían dicho que el amor era lo mejor que te podía ocurrir en la vida… claramente siempre me han tenido engañado
1	Algún día quizá me puedas explicar por qué me decías que me querías si realmente lo que querías era dejarme
1	El amor es lo peor que me ha podido ocurrir nunca, me ha parecido una manera de lo más tonta de perder toda mi dignidad y todo el orgullo que me quedaba
1	He debido de ser tremendamente malo en otra vida para que Cupido me emparejara contigo
1	Tanto tiempo queriéndote en silencio, para que ahora que por fin me hablas, me dé cuenta de que no tienes nada interesante que decir, ojalá pudiéramos volver a lo de antes
1	Por favor, recuérdame en qué momento me enamoré de ti. Lo digo en serio, recuérdamelo porque yo no puedo pensarlo
1	El amor es algo curioso porque la persona a la que más quieres en el mundo también es la que más te puede hacer enfadar
1	No te puedes imaginar lo mucho que me atraes… hacia el precipicio
1	Tienes una manera preciosa de enfadarte conmigo
1	Créeme, me encantaría hacerte caso y seguir tus consejos, pero es que no me siento capaz, prefiero que las cosas me vayan bien sin hacer el ridículo
1	Por supuesto que podemos ir juntos a la fiesta, ya cuando lleguemos allí nos separamos y que cada uno vaya por su lado, no vaya a ser que nos relacionen y se crean que me caes bien
1	El dinero no da la felicidad, pero ayuda, y si no ¿Por qué los ricos siempre parece que se están divirtiendo?
1	De pequeño mis padres siempre me decían que yo podía ser de mayor todo lo que quisiera, así que ahora no me vengas diciendo que no puedo ser el rey del mundo porque ya es demasiado tarde para eso
1	No te preocupes porque se metan contigo o porque te insulten, siempre recuerda que es mucho peor que directamente no hablen de ti ni se acuerden. Lo importante es tener fama, no hay que especificar el tipo de fama
1	No eres feo, simplemente eres un poco difícil de mirar, pero nada que no se arregle sin pasar por el cirujano
1	Eres el mejor desastre que he conocido en mi vida
1	Mi madre me dice que soy una persona muy desordenada, pero la verdad es que no estoy de acuerdo. Dentro de mi desorden yo sé exactamente dónde está todo, después viene ella, me lo ordena, y ya no encuentro nada de nada
1	Hay persona que creen que la televisión es muy educativa, yo opino lo mismo porque cada vez que alguien la enciende, yo me voy a hacer cosas mucho más interesantes
1	Siempre haz los favores que la gente te pida, recuerda que nunca se sabe cuándo te lo podrás cobrar por algo más grande
1	Si jugaras al futbol como juegas conmigo, ahora estarías en la selección nacional
1	Algunos fuman, otros se embriagan, algunos se drogan, y otros se enamoran. Lo cierto es que cada quien se destruye a su manera
1	A veces necesito lo que solo tú me puedes dar: tu ausencia
1	No guardo rencor, pero tengo buena memoria
1	No quiero alcanzar la inmortalidad a través de mi trabajo. La quiero conseguir sin morir
1	Tu corazón está tan ocupado como la línea de tu teléfono
1	¡Cuidado! Felicidad de dos, envidia de miles
1	A veces pienso en quién caerá en tus brazos y no se si reírme o sentir compasión
1	Encuentro a la televisión muy educativa. Cada vez que alguien la enciende, me voy a otra habitación a leer un libro
1	Felices son los que nada esperan, porque nunca serán defraudados
1	Quería pedirte el número de tus ex para formar una especie de grupo de apoyo
1	La historia nos ha enseñado que el hombre y las naciones se comportan sabiamente cuando han agotado todas las alternativas
1	Cría recuerdos y te sacarán lágrimas
1	Te busqué en el diccionario... y no significas nada
1	¿Por qué debemos aceptar consejos sexuales del papa? Si sabe algo de sexo, ¡no debería!
1	Le dije 'tráeme lo que quieras'... y solo me trajo mentiras
1	Ame ahora, pague después
1	Tantas veces me dejaste caer, que aprendí a volar
1	Hay tres cosas que salen siempre: el Sol, la Luna y la verdad
1	¿Me ayudas a buscar algo? -¿Qué cosa? -Todo el tiempo que perdí contigo
1	El amor es hijo de la ilusión y padre de la desilusión
1	Eres un perfecto artefacto de defectos
1	El problema es que la gente sabe poco, pero habla demasiado
1	Si esto es amor, prefiero ver televisión, es más educativo y menos posesivo
1	Muchas personas deciden gastar fortunas en sus bodas porque, en algunos casos, es el último día de felicidad en sus vidas
1	Si te crees la última Coca-cola del desierto, a mí me gusta la cerveza
1	Nadie tiene dominio sobre el amor, pero él domina las cosas
1	Perdón, pensé que era el amor de mi vida... ¡Siguiente!
1	Si alguien te es infiel querrás tirarte por el balcón, pero recuerda, tienes cuernos, no alas
1	El amor es como la guerra: fácil de empezar, difícil de terminar
1	La inactividad sexual es peligrosa... ¡Produce cuernos!
1	Decirte adiós fue tan difícil como escribir esta frase
1	Tu eternidad sólo duró un par de meses
1	Algún día empezaré lo que terminó
1	Querido Cupido, más puntería la próxima vez, a ver si das con el indicado
1	Si el amor es ciego... ¿Por qué la ropa interior es tan popular?
1	No se puede olvidar a la Reina, jugando a las Damas
1	Hay muchas formas de invocar al diablo: mediante una ouija, un rezo, un exorcismo, o preguntando “¿estás enojada mi amor?"
1	Te odié tanto como te amé
1	Es de mala educación decir "te amo" con la boca llena de mentiras
1	Ten cuidado, cualquier día de estos llamarás a mi corazón y sonará ocupado
1	Si no vas a cumplir, ni ilusiones ni prometas
1	Un consejo: en el futuro intenta ser menos inteligente... perdón: evidente
1	El amor es ciego, déjelo pasar
1	Si no te gusta como soy, cambia tú
1	La mujer que tiene suerte con los hombres, no sabe la suerte que tiene
1	Antes cruzaba el océano por ti, hoy no cruzo ni los dedos
1	Es increíble la cantidad de problemas que podría solucionar con una motosierra
1	Mañana tendré en cuenta tu opinión, hoy no me interesa
1	No entiendo a la gente que es feliz y que todavía no me conoce, de verdad, no la entiendo
1	Hay personas, que desde el primer momento en que las ves, sabes que quieres pasar el resto de tu vida… sin volver a verlas
1	Tenemos el mejor gobierno que el dinero puede comprar
1	Puede que mi opinión haya cambiado, pero no el hecho de que estoy en lo cierto
1	Cuando era niño solía rezar todas las noches para tener una bicicleta nueva. Me di cuenta que el señor no trabaja así, por lo que robé una y le pedí que me perdonase
1	Puedo hacer muchas cosas al mismo tiempo, pero puedo evitar hacer muchas cosas simultáneamente
1	Si encuentras difícil reír por ti mismo, estaré feliz de hacerlo por ti
1	Obtén primero los hechos, entonces los puedes distorsionar como quieras
1	Nunca dejé que la escuela interfiriese con mi educación
1	Es un hombre hecho a si mismo y adora a su creador
1	Cuando era un niño Me dijeron que cualquiera Puede ser presidente y comienzo a creerlo
1	Me gustaría vivir en Manchester, Inglaterra. La transición entre Manchester y la muerte sería imperceptible
1	La acción habla más fuerte que las palabras, pero ni de cerca tan a menudo
1	Para estar seguro de dar en el blanco, dispara primero y llama a lo que hayas dado «el blanco»
1	No acudí al funeral, pero mandé una carta diciendo que lo aprobaba
1	Ama a la naturaleza a pesar de lo que ella te hizo
1	un psiquiatra Es un tipo que te pregunta muchas preguntas caras que tu esposa te hace por nada
1	Si somos la única vida inteligente en el Universo, al menos hay un número finito de idiotas
1	Lector, imagínese que fuese un idiota y que fuese un miembro del congreso. Pero me estoy repitiendo
1	Me gustan los paseos largos, especialmente cuando son tomados por gente que me molesta
1	Nada fija tan intesamente algo en la memoria como el deseo de olvidarlo
1	una consciencia limpia Es usualmente signo de mala memoria
1	los consumidores no son tontos; tu esposa forma parte de ellos
1	no soy vegetariana porque ame a los animales; lo soy porque odio a las plantas
1	Siempre esta negro antes de volverse absolutamente oscuro
1	su ignorancia Es enciclopédica
1	soy fácilmente satisfecho con lo mejor
1	no Es necesario entender las cosas para discutir sobre ellas
1	muchas personas son poco más que empleadas de sus posesiones
1	Nunca dejes para mañana lo que puedes dejar para pasado mañana
1	no perdimos el partido; Se nos acabó el tiempo
1	si no lees el periódico no estas informado; si lo lees estas desinformado
1	Cualquier mujer Puede ser glamurosa. todo lo que tienes que hacer Es permanecer de pie y parecer estúpida
1	Ser estúpido, el egoísmo y tener buena salud son tres requerimientos para la felicidad, pero si falta la estupidez, todo esta perdido
1	quiero o más corrupción o más oportunidad de participar en ella
1	un consenso significa que todo el mundo esta de acuerdo en decir colectivamente lo que nadie cree individualmente
1	La palabra aerobic viene de dos palabras griegas: aero, que significa habiliad para, y bic, que significa soportar un tremendo aburrimiento
1	no aceptes golosinas de extraños al menos que te lleven a algún sitio
1	Si fuese dos veces más inteligente que ahora, serías absolutamente estúpido
1	No eres tan malo como la gente dice, eres mucho, mucho peor
1	tienes un complejo de inferioridad y esta completamente justificado
1	los que creéis que lo sabéis todo sois molestos a los que lo saben todo
1	Solo dos cosas son infinitas, el Universo y la estupidez humana, y no estoy seguro de la primera
1	Un prisionero es un hombre que intenta matarte y falla, entonces te pide que no le mates
1	soy tan inteligente que a veces no entiendo una palabra de lo que digo
1	El primer problema de este país es la apatía, pero a quién le importa
1	Estoy ocupado. ¿Puedo ignorarte algo más de tiempo?
1	Si un extraño te ofrece una golosina, toma dos
1	El eterno dilema: demasiado cansado para levantarme, demasiado despierto para volver a dormir
1	la reunión entre procastinadores Se ha pospuesto
1	Ellos quieren verte crecer. Pero Nunca más que ellos. Recuérdalo
1	Sea lo que sea lo que te esta comiendo, debe esta sufriendo horriblemente
1	No agradezcas que te criticase, fue un placer
1	Estoy impresionado; Nunca He conocido una mente tan pequeña en una cabeza tan grande
1	¿Cienmil espermatozoides y fuiste el más rápido?
1	Nunca he matado a un hombre, pero he leído muchos obituarios con gran placer
1	el cerebro Es un órgano fantástico. Empieza a trabajar apenas nos despertamos y continúa funcionando hasta que entramos en la oficina
1	Estamos especializados en una constante repetición de la calamidad y de la estupidez
1	Debo admitir que nací a una edad muy temprana
1	los jóvenes creen que las personas mayores son tontos. los viejos saben que los jóvenes son tontos
1	Me gustas. La gente dice que no tengo buen gusto, pero me gustas
1	Me encantaría que fuésemos mejores desconocidos
1	Necesitas una cirugía plástica, no un doctor
1	el matrimonio Es la principal causa de divorcio
1	no He hablado a mi esposa en años. no la quería interrumpir
1	¡Cásate conmigo y nunca más miraré otro caballo!
1	Quédate conmigo, quiero estar solo
1	Puede que este borracho, señorita, pero por la mañana estaré sobrio y tú seguirás siendo fea
1	eres un hábito que Me gustaría patear. con los dos pies
1	El problema con el sentido común en la vida, es que la mayoría de la gente es tonta
1	La persona que te pida que seas tú mismo en tu vida, no te podía haber dado peor consejo
1	Recuerda: el momento en el que te sientes Solo Es el momento en el que más Necesitas estar solo. la ironía más cruel de la vida
1	No te angusties por tu corazón, te durará toda la vida
1	el jurado Está conformado por doce personas que fueron seleccionadas para decidir quién Tiene el mejor abogado
1	La única cosa que le impide a Dios enviar un segundo diluvio, es que el primero fue inútil
1	el matrimonio consiste en tratar de solucionar entre dos personas los problemas que Nunca hubieran existido Cuando Se Está solo
1	Si te casas lo vas a lamentar. Si no te casas, también lo vas a lamentar
1	las personas solteras deberían pagar más impuestos. Es injusto que unos hombres sean más felices que otros
1	algún día te darás cuenta de que tus hijos salieron feos y te preguntarás por qué no te casaste conmigo
1	a veces Es más fácil ser feliz si no sabes todo
1	Tan pronto como dejas de querer algo, lo obtienes
1	Nunca tendrás idea de lo mucho que me atraes hacia el abismo
1	Si haces que las personas piensen que están pensando, te amararán, pero si haces que piensen de verdad, te odiarán
1	En esta vida existen tres tipos de amores: el real, el normal y después está el que hacemos nosotros
1	Pasé tanto Pero tanto tiempo amándote en silencio que ahora no entiendo porque mi silencio no duró más
1	algunas veces necesito algo que sólo tú Me puedes dar: tu ausencia
1	Suenas mejor con la boca cerrada
1	Existen tres cosas que las mujeres necesitan en la vida: comida, agua y cumplidos
1	No me drogo, pero a veces desearía haberlo hecho. De esa forma cuando fallé en la vida habría tenido una excusa
1	Si una mujer te dice que tiene veinte años y parece tener dieciséis, tiene doce años. Si te dice que tiene veintiséis años y los aparenta, entonces tiene unos cuarenta años
1	un hombre Es tan fiel como sus opciones
1	Antes cruzaba el océano por ti, pero en la actualidad no cruzo ni los dedos por ti
1	Solo las personas que Se han casado entienden que Se Puede ser miserable y feliz al mismo tiempo
1	El mejor ejemplo de entropía es el cajón de los tuppers
1	Hoy he estado una hora persiguiendo a una mosca, para que sepa lo que se siente
1	La parodia grotesca es la última parada antes de la genialidad
1	7000 millones de personas en el planeta y tiene que tocarme precisamente a mí ser yo
1	No reírse de nada es de tontos, reírse de todo es de estúpidos
1	Tengo el superpoder de convertir en pijama la camiseta que me de la gana
1	Madurar es volver a salir de la piscina por las escaleras
1	Habrá que levantarse que este día no se va a desperdiciar solo
1	Yo no cumplo años, subo de nivel
1	Muy solucionada tienes que tener la vida para definirte como un soñador"
1	Aplaudir cuando aterriza un avión de Ryanair no es ninguna tontería
1	Reconoce tus errores antes de que otros los exageren
1	Afortunadamente la perseverancia es un gran sustituto del talento
1	Aquarius, esa bebida que nació para deportistas y acabó para personas con diarrea
1	Sabes que te estás haciendo mayor cuando empiezas a leer los PDF a un 125% de zoom
1	Dormir es algo tan bueno que me parece increíble que sea gratis
1	Más sospechoso que un asterisco detrás de la palabra gratis
1	Es mejor estar callado y parecer tonto que hablar y despejar las dudas definitivamente
1	Cómo tener confianza de una mujer que le dice a uno su verdadera edad. Una mujer capaz de decir esto es capaz de decirlo todo
1	Tenemos el mejor gobierno que el dinero puede comprar
1	Un especialista es alguien que se limita a sí mismo al modo de ignorancia que ha elegido
1	Alguien me está aburriendo; creo que soy yo
1	Todos los hombres nacen iguales, pero ésa es la última vez que lo son
1	Me agarro a mis prejuicios, son los testículos de mi mente
1	Sólo publican memorias aquellas personas que ya han perdido totalmente la memoria
1	Un alcohólico es alguien que no te cae bien y que bebe tanto como tú
1	De pequeño quise tener un perro, pero mis padres eran pobres y sólo pudieron comprarme una hormiga
1	El buen gusto hace bien a ciertos valores espirituales auténticos: como el propio gusto
1	No me importa lo que escriban de mí, mientras no sea cierto
1	No hay nada como el amor de una mujer casada. Es una cosa de la que ningún marido tiene la menor idea
1	Escribir sobre uno mismo es un poco incómodo. Yo por eso generalmente prefiero escribir sobre una mesa
1	¡Brindemos por nuestras novias y nuestras esposas! ¡Que no se encuentren nunca!
1	La tierra es un teatro, pero tiene un reparto deplorable
1	Los viejos lo creen todo; los adultos todo lo sospechan; mientras que los jóvenes todo lo saben
1	Hay dos tipos de personas: los que aprenden de sus errores y los que tienen problemas de aprendizaje
1	Discúlpeme, no le había reconocido: he cambiado mucho
1	Cuando me da por pensar de noche en mis defectos, me quedo dormido inmediatamente
1	Adoro los placeres sencillos; son el último refugio de los hombres complicados
1	Lo peor de ser mujer es que siempre tendrás un hombre intenso detrás de ti, es algo verdaderamente insoportable. Alguien que no quieres y se obsesiona con tenerte
1	Todo lo bueno en esta vida en exceso hace daño, pero tú haces daño a la primera y ni tampoco eres bueno en nada
1	Dicen que detrás de un hombre hay una gran mujer y claro que tienen razón, es que no pueden hacer nada por ellos solitos
1	No me gustaría compartir contigo ni un minuto de esos de los que desperdicio viendo programas de tv aburridos en las tardes
1	No es miedo a que me dejes, yo sufro estando contigo, el miedo es que siempre estés aquí
1	Estoy muy feliz, yo solo perdí un poco de mi tiempo contigo, tu, has perdido al posible amor de tu vida
1	El desamor es terrible, pero entre tanta pendejada, es mejor que haberte amado
1	Hola, tengo que deciros que he tenido un día estupendo, mejor que un sueño, pero hoy no ha sido ese día
1	La vida es tu intento por querer alcanzar todas tus metas cuando la realidad es que siempre te quedas atascado en la salida
1	Los hombres son los mejores amantes de las mujeres después de las propias mujeres, como no hay más sexos
1	Cuando era un niño me dijeron que cualquiera puede ser presidente y comienzo a creerlo
1	Lo único peor de que hablen de ti es que no hablen de ti
1	Es preciso que el placer tenga sus penas y el dolor sus placeres
0	No es que no quiera saberlo, es que no me importa
0	No permitiré que mis profesores interfieran en mi forma de pensar
0	Tenemos que estar dispuestos a dejar de lado la vida planificada, para poder tener la vida que nos espera
0	Conocerse a uno mismo es el principio de toda sabiduría
0	Ayer estaba listo, así que quería cambiar el mundo. Hoy soy sabio, por lo que me estoy cambiando mí mismo
0	Para dejar de hacer lo que no quieres, necesitas saber lo que quieres
0	De tres maneras podemos aprender: en primer lugar por la reflexión, que es la más noble; en segundo lugar, por imitación, que es más fácil; y en tercer lugar por la experiencia, que es la más amarga
0	Corta tu propia madera y te calentará dos veces
0	El aspecto más triste de la vida en ese momento es que la ciencia reúne el conocimiento más rápidamente que la sociedad reúne la sabiduría
0	No ganes el mundo y pierdas tu alma, la sabiduría es mejor que la plata o el oro
0	No estoy en este mundo para cumplir con tus expectativas y tú no estás en este mundo para cumplir las mías
0	El valor intrínseco de la vida depende de la conciencia y del poder de contemplación, no de la mera supervivencia
0	Aférrate a tus sueños, porque si los sueños mueren, la vida es un pájaro con las alas rotas, que no puede volar
0	Cualquier tonto puede saber. La clave está en entender
0	Hay momentos en que los problemas entran en nuestras vidas y no podemos hacer nada para evitarlos. Pero están ahí por una razón. Sólo cuando logremos superarlos, entenderemos por qué estaban allí
0	Hay tres cosas que todos los hombres sabios temen: el mar en la tempestad, una noche sin luna, y la ira de un hombre amable
0	Los obstáculos son esas cosas espantosas que ves cuando apartas los ojos de tu meta
0	El pasado no tiene poder sobre el momento presente
0	No pierdas tu tiempo con explicaciones: la gente sólo escucha lo que quiere escuchar
0	Si tú no sabes a dónde vas, cualquier camino te llevará allí
0	Vivimos en una época en que las cosas innecesarias son nuestras únicas necesidades
0	A veces a uno le gusta la gente tonta para su locura, más que la gente sabia por su sabiduría
0	No es que yo sea tan inteligente. Pero me quedo con las preguntas mucho más tiempo
0	Al caminar por la calle de la vida debes oler las rosas que sólo te vas a encontrar una vez
0	Conocer a los demás es inteligencia; conocerse a sí mismo es la verdadera sabiduría. Dominar a otros es la fuerza; el dominio de uno mismo es verdadero poder
0	El autoconocimiento no requiere aislamiento, pero sí el suficiente tiempo contigo mismo
0	Vas a hacer cosas tontas, pero hazlas con entusiasmo
0	El sentido común en un grado poco común, es lo que el mundo llama sabiduría
0	A su pesar, la fuerza a veces debe inclinarse ante la sabiduría
0	No soy lo suficientemente joven para saberlo todo
0	Los riesgos deben tomarse porque el peligro más grande en la vida es no arriesgar nada
0	El hombre sabio debe ser capaz no sólo de amar a sus enemigos, sino también a odiar a sus amigos
0	Nadie puede hacerte sentir inferior sin tu consentimiento
0	Los árboles son poemas que la Tierra escribe en el cielo, luego los cortamos y los convertimos en papel, para poder dejar constancia de nuestro vacío
0	El único hombre que nunca se equivoca es el que nunca hace nada
0	Nunca te quejes sin dar explicaciones. Resiste la tentación de defenderte a sí mismo a través de las excusas
0	Sé lo que deseas parecer
0	Tú mismo, tanto como cualquier otro en el universo entero, mereces tu amor y afecto
0	La medida de la inteligencia es la capacidad de cambiar
0	Nosotros sólo podemos saber que no sabemos nada. Y ese es el más alto grado de sabiduría humana
0	¿Sabio? No, simplemente aprendí a pensar
0	La mente una vez iluminada no puede volver de nuevo a la oscuridad
0	No te sacrifiques a ti mismo demasiado, porque si te sacrificas demasiado, no habrá nada más que puedas dar y ni nadie que cuide de ti
0	Dame una palanca lo suficientemente larga y un punto de apoyo en el que colocarla, y moveré el mundo
0	No estoy viendo el mundo, lo estoy interpretando
0	Nunca deje que tu sentido de la moral te impida hacer lo que es correcto
0	No pido ninguna corona, es algo que todos puedan ganar; tampoco tratar de conquistar el mundo, excepto el que tengo dentro
0	La única sabiduría verdadera está en saber que no sabe nada
0	Cuenta tu edad por amigos, no con años. Cuenta tu vida por sonrisas, no por lágrimas
0	En un buen salón de libros te sientes de alguna manera misteriosa que está absorbiendo la sabiduría contenida en todos los libros a través de tu piel, sin siquiera abrirlos
0	La diferencia entre el fracaso y el éxito reside en la voluntad del corazón
0	Pensar es una dura labor que pocas personas realizan
0	Un hombre que no se alimenta de sus sueños es un hombre que envejece pronto
0	No hay vida más completa que aquella que puedes vivir por elección propia
0	La vida es 10% lo que nos sucede y 90% como reaccionamos
0	Lo que cuenta no son los años en nuestra vida, sino la vida en nuestros años
0	La calidad de la vida de una persona es directamente proporcional a su compromiso con la excelencia. No importa a qué se dedique
0	¿Crees que soy sabio? No, simplemente aprendí a pensar
0	El que salta al vacío no le debe ninguna explicación a los que se paran a ver
0	El único realista de verdad es el visionario
0	El misterio es el elemento esencial de cualquier obra de arte
0	No importa lo lejos que vayas, siempre y cuando no te detengas
0	No estoy de acuerdo con lo que dices, pero defenderé con mi vida tu derecho a expresarlo
0	Solo existe un buen: el conocimiento. Solo existe un mal: la ignorancia
0	El lujo no es más que la pobreza artificial
0	Los ejemplos corrigen mejor que las reprimendas
0	No basta con tener buen ingenio, lo principal es aplicarlo bien
0	No es que tengamos poco tiempo, es que perdemos mucho tiempo
0	La libertad consiste en ser dueños de nuestra propia vida
0	La pureza del corazón consiste en desear una cosa
0	Søren Kierkegaard
0	Como todo soñador, confundí la decepción con la verdad
0	Pueden haber más bellos tiempos, pero éste es el nuestro
0	Escribir es defender la soledad en la que vivo
0	No se nace mujer: se llega a serlo
0	La vida tiene valor siempre que se valore la vida de los otros, a través del amor, la amistad, la indignación y la compasión
0	No camines delante de mí, puede que no te siga. No camines detrás de mí, puede que no te guíe. Camina junto a mí y sé mi amigo
0	El perdón es la llave a la acción y libertad
0	La energía necesaria reside en mí, ya que con ella tengo para vivir
0	La independencia no es un derecho, es un privilegio que corresponde a una minoría
0	Vemos las cosas no como son, sino como somos nosotros
0	Trata a las personas como un fin, nunca como un medio para un fin
0	La historia no es ni hace nada. Quien es y hace es el hombre
0	El amor por la fuerza nada vale, la fuerza sin amor es energía gastada en vano
0	El amor no tiene cura, pero es la única cura para todos los males
0	El amor es como Don Quijote: cuando recobra el juicio es que esta para morir
0	Es tan lindo saber que usted existe
0	Al principio todos los pensamientos pertenecen al amor. Después, todo el amor pertenece a los pensamientos
0	En un beso sabrás todo lo que he callado
0	Un corazón es una riqueza que no se vende ni se compra, pero que se regala
0	El hombre que no ha amado apasionadamente ignora la mitad más hermosa de su vida
0	No olvides nunca que el primer beso no se da con la boca, sino con los ojos
0	El que puede prescindir del ser amado, puede prescindir de todo
0	Lo cierto es que yo ignoraba que tenía en mí esas reservas de ternura
0	El amor no hace que el mundo se mueva, pero hace que el viaje valga la pena
0	El amor ama amar al amor
0	Un corazón que ama es la sabiduría más verdadera
0	¿Quién, amando, es pobre?
0	Un cobarde es incapaz de mostrar amor; hacerlo está reservado para los valientes
0	La única cosa de la que nunca nos cansamos es de recibir amor
0	La vida es una flor y el amor es su miel
0	La pasión es lo que hace que se mueva el mundo. Pero es el amor el que hace de este mundo un lugar más seguro
0	El amor es una alma sola que habita en dos cuerpos
0	Puede que alguien que no has conocido se esté preguntando cómo sería una vida contigo
0	El mejor arrepentimiento es, sencillamente, cambiar
0	Prestar atención. Ese es nuestro más eterno trabajo y compromiso
0	A veces debes cerrar los ojos para ver la belleza más pura
0	Dios es un comediante delante de una audiencia que tiene demasiado miedo a reír
0	La vida es lo que pasa mientras estas ocupado haciendo otros planes
0	No te preguntas "¿Qué pasará?" vive cada momento como si fuera el último y deja que la vida te sorprenda con sus maravillas
0	Confucio
0	Nunca rompas el silencio si no es para mejorarlo
0	El orgullo es el primero de los tiranos, pero también el primero de los consuelos
0	La vida, si no es una aventura atrevida, no es nada en absoluto
0	Solo quiero que se me recuerde como una persona que quería ser libre
0	Sólo estás aquí para una breve visita, así que asegúrate de oler las flores a lo largo del camino
0	Siempre es el momento adecuado para hacer lo que es correcto
0	Donde hay educación no hay distinción de clases
0	El sabio no dice lo que sabe, y el necio no sabe lo que dice
0	El pensamiento creativo inspira nuevas ideas y las nuevas ideas inspiran al cambio
0	Si parezco confundido, es porque estoy pensando
0	Las cosas más simples son las más extraordinarias, y solo un sabio consigue verlas
0	Piensa antes de hablar y lee antes de pensar
0	Juzga a un hombre por sus preguntas, no por sus respuestas
0	Escribir, para mí, no es más que pensar a través de mis dedos
0	Brilla. Al que le moleste, puede taparse los ojos
0	Concentrarse en lograr un pequeño cambio es cambiar un día por completo
0	Tu mejor maestro es tu último error
0	El que me sigue no andará en tinieblas, sino que tendrá la luz de la vida
0	La función de la oración no es influenciar a Dios, sino más bien cambiar la naturaleza del quien ora
0	Ábreme, Señor, los ojos y contemplaré las maravillas de tu voluntad
0	Cuando un pueblo trabaja Dios lo respeta. Pero cuando un pueblo canta, Dios lo ama
0	El hombre propone, y Dios dispone
0	Los ojos no pueden ver bien a Dios, solo a través de las lágrimas lo puedes ver
0	Lo que logres de pie, agradécelo de rodillas
0	Si Dios no es amor, no vale la pena que exista
0	Dios es un círculo cuyo centro está en todas partes y su circunferencia en ninguna
0	Siempre he pensado que la mejor forma de conocer a Dios, es amando muchas cosas
0	El azar no existe; Dios no juega a los dados
0	Dios no se fijará en tus medallas, títulos o diplomas, sino en las marcas que han dejado en ti las cicatrices
0	Deléitate también en el Señor y él cumplirá los deseos de tu corazón. Deléitate también en el Señor y él cumplirá los deseos de tu corazón
0	Nunca tengas miedo de confiar un futuro desconocido a un Dios conocido
0	Tú eres mi refugio, me guardarás de la angustia, me rodearás con cantos de liberación
0	Los impíos huyen cuando ningún hombre los persigue; pero los justos son valientes como un león
0	No culpes a Dios por tus malas decisiones y menos cuando no le consultaste primero
0	La educación es, tal vez, la forma más alta de buscar a Dios
0	La fe es el antiséptico del alma
0	El verdadero dolor es aquel que sufre sin testigos
0	Los grandes no mueren, sólo se ausentan para ser recordados
0	Sólo en la agonía de despedirnos somos capaces de comprender la profundidad de nuestro amor
0	Si lloras por haber perdido el sol, las lágrimas no te dejarán ver las estrellas
0	No hay mayor dolor que el de llevar una historia no contada dentro de ti
0	La muerte es el comienzo de la inmortalidad
0	Diferentes en la vida, los hombres son iguales en la muerte
0	Uno debe temerle a la vida, no a la muerte
0	En la vida, nada funcionará hasta que tú no lo hagas
0	La mejor vida no es la más duradera, sino la que está repleta de buenas acciones
0	No llores porque se terminó, sonríe porque sucedió
0	Aprende del pasado, vive el presente y trabaja para el futuro
0	En la vida algunas veces se gana, otras veces se aprende
0	No midas tu riqueza por el dinero que tienes, mídela por aquellas cosa que tienes y que no cambiarias por dinero
0	Un hombre inteligente jamás se irritaría, si tuviera delante siempre un espejo y se viera cuando discute
0	Si quieres algo que nunca tuviste, debes hacer algo que nunca hiciste
0	No importa cómo caes, sino cómo te levantas. No importa el fracaso, sino volverlo a intentar. No importa el largo del camino, sino lo que está al final. No importa el sudor que cueste, sino lo que quieres lograr
0	Lo malo de aprender con la experiencia, es que nunca nos graduamos
0	El mayor defecto de los defectos, es no darse cuenta de ninguno de ellos
0	A menudo se encuentra el destino en el camino que se toma para evitarlo
0	La gente le llama sabiduría a lo que saben e ignorancia a lo que los demás saben
0	El dinero esclaviza...... a quienes no lo tienen
0	Si sigues hablando de lo que hiciste ayer, es que no has hecho gran cosa hoy
0	Las palabras de un hombre ebrio, son los pensamientos de un hombre sobrio
0	No temas a la competencia, ¡teme a tu propia incompetencia!
0	Una persona pobre no es la que no tiene un centavo, sino la que no tiene un sueño
0	Hay dos días de la semana por los que no debemos de preocuparnos: Ayer y Mañana. El único día valioso es HOY
0	Maduramos con los daños, no con los años
0	Si te odian sin ninguna razón, dales alguna para hacerlo
0	El mejor aliado de la mujer ha sido y será siempre la imaginación del hombre
0	Cuando el sabio señala la luna, el tonto se fija en el dedo
0	Si no te gusta lo que recibes, revisa lo que estás dando
0	El futuro empieza hoy, no mañana...... El día de hoy, es el mañana de ayer y el ayer del mañana
0	No te lamentes por envejecer, es un privilegio negado a muchos
0	Los aeropuertos ven más besos sinceros que las bodas y los muros de los hospitales han escuchado más oraciones sinceras que las iglesias
0	La pena del ayer y el miedo al mañana son los dos ladrones que nos roban el hoy
0	La pereza viaja tan despacio que la pobreza no tarda en alcanzarla
0	Los problemas son tan cobardes... Que nunca vienen solos
0	Es cuando nos olvidamos de nosotros, cuando hacemos cosas que merecen ser recordadas
0	Definición infantil de la impaciencia: "esperar con prisa"
0	Si tienes millones de cosas para sonreír, no busques una para llorar
0	Llenarse de ira es como agarrar un carbón ardiente con la intención de arrojárselo a alguien, somos nosotros los que nos quemamos
0	El que busca un amigo sin defectos se queda sin amigos
0	El victorioso tiene muchos amigos; el vencido, buenos amigos
0	El tigre y el león pueden ser los más fuertes, pero el lobo no trabaja para el circo
0	Todos queremos obtener felicidad sin dolor, pero no se puede tener un arcoíris sin un poco de lluvia
0	Cuando dejen de criticarte revísate, puede que lo que estés haciendo haya dejado de tener importancia
0	Las mujeres que quieren ser iguales que los hombres, no lo saben pero aspiran a muy poco
0	Detrás de los mayores errores siempre está el orgullo
0	Felices los que nada esperan de los demás, porque nunca serán defraudados
0	Cuando encuentres a la persona perfecta darás las gracias por todas aquellas que salieron de tu vida
0	Lo que eres hoy es el resultado de tus decisiones en el pasado. Lo que seas mañana será consecuencia de lo que hagas hoy
0	No midas tu riqueza por el dinero que tienes, mídela por aquellas cosas que tienes y que no cambiarías por dinero
0	Pedir perdón es de inteligentes, perdonar es de nobles y perdonarse es de sabios
0	Un hombre inteligente jamás se irritaría si tuviera delante siempre un espejo y se viera cuando discute
0	La sonrisa cuesta menos que la electricidad y da más luz
0	No encuentres la falta, encuentra el remedio
0	A veces sentimos que lo que hacemos es tan solo una gota en el mar, pero el mar sería mucho menos si le faltara una gota
0	Cuando un tonto coge un camino, el camino se acaba y el tonto sigue
0	La reflexión es el camino hacia la inmortalidad; la falta de reflexión, el camino hacia la muerte
0	La ocasión hay que crearla, no esperar a que llegue
0	Los sabios son los que buscan la sabiduría; los necios piensan haberla encontrado
0	No es pobre el que tiene poco, sino el que mucho desea
0	Un hombre que no se alimenta de sus sueños envejece pronto
0	Si no recuerdas la más ligera locura en que el amor te hizo caer, no has amado
0	Un amigo es una persona con la que se puede pensar en voz alta
0	El dolor es inevitable pero el sufrimiento es opcional
0	Se puede matar al soñador, pero no al sueño
0	Quien tiene paciencia, obtendrá lo que desea
0	Educad a los niños, y no será necesario castigar a los hombres
0	Las personas ofenden antes a los que aman que a los que temen
0	Aprender sin reflexionar es malgastar la energía
0	La amistad duplica las alegrías y divide las angustias por la mitad
0	Solamente aquel que construye el futuro tiene derecho a juzgar el pasado
0	Un hombre está dispuesto a creer aquello que le gustaría que fuera cierto
0	Si quieres ser sabio, aprende a interrogar razonablemente, a escuchar con atención, a responder serenamente y a callar cuando no tengas nada que decir
0	Lo que sabemos es una gota de agua; lo que ignoramos es el océano
0	El ignorante afirma, el sabio duda y reflexiona
0	He cometido el peor pecado que uno puede cometer. No he sido feliz
0	La libertad está en ser dueños de nuestra propia vida
0	Al final, no son los años en nuestra vida lo que cuenta, sino la vida en nuestros años
0	Nuestra vida siempre expresa el resultado de nuestros pensamientos dominantes
0	Cada hombre es una criatura del tiempo en el que vive
0	Somos lo que hacemos repetidamente
0	Las cosas que amamos nos dicen quiénes somos
0	La vida es una tragedia cuadro se ve en primer plano, pero en plano general pasa a ser una comedia
0	Siempre se admira aquello que en realidad no se entiende
0	El hombre es la única criatura que se niega a ser quien es
0	El arte de ser sabio es el arte de saber lo que hay que pasar por alto
0	Todo conocimiento resulta hiriente
0	La honestidad es el primer capítulo del libro de la sabiduría
0	Toda sociedad está a tres comidas del caos
0	Lleva mucho tiempo llegar a ser joven
0	El tiempo es aquello que más queremos y también lo que peor utilizamos
0	La libertad nunca es dada; siempre es ganada
0	No le tengas miedo a la perfección; nunca la vas a alcanzar
0	Nunca somos tan vulnerables al sufrimiento como cuando amamos
0	Cuando haces las paces con la autoridad, te conviertes en la autoridad
0	La violencia es el último refugio del incompetente
0	Aquellos que no se mueven no notan sus cadenas
0	El elemento más violento de la sociedad es la ignorancia
0	Siempre parece imposible hasta que se hace
0	Los verdaderos amigos te apuñalan de frente
0	Un ser humano es un ser que decide
0	La salud no es valorada hasta que llega la enfermedad
0	Las metáforas tienen una manera de contener la verdad en el mínimo espacio
0	La soledad es independencia
0	Resérvate el derecho a pensar, ya que pensar de mal modo es mejor que no pensar en absoluto
0	Las ideas de los hombres son las más directas emanaciones de su estado material
0	El tiempo se lo lleva todo y todo lo da
0	No soy capaz de concebir la infinidad, pero no acepto lo finito
0	Seamos realistas y hagamos lo imposible
0	Los extremistas creen que "comunicación" significa estar de acuerdo con ellos
0	No hay pensamientos peligrosos; pensar es, en sí mismo, algo peligroso
0	La palabra "felicidad" perdería su significado si no estuviese equilibrada por la tristeza
0	Ningún hombre puede pensar claramente cuando sus puños están cerrados
0	Un hombre que es un maestro en la paciencia es un maestro en todo lo demás
0	Alguien que no cree en los milagros no es realista
0	No hay una visión más triste que la de un joven pesimista
0	La esperanza es un buen desayuno, pero una mala cena
0	La educación es el movimiento de la oscuridad a la luz
0	El riesgo de una mala decisión es preferible al terror de la indecisión
0	Nada refuerza tanto la autoridad como el silencio
0	La creatividad requiere que la valentía se desprenda de las certezas
0	La mejor parte de la belleza es aquella que ninguna imagen puede expresar
0	Aquellos que no conocen la historia están condenados a repetirla
0	Nada es tan increíble como para que la oratoria no lo pueda transformar en aceptable
0	De una pequeña chispa puede prender una llama
0	El liderazgo no depende de estar en lo cierto
0	El entorno da forma a las acciones del individuo
0	La juventud es un reglo de la naturaleza, pero la edad es una obra de arte
0	Nadie puede herirme sin mi permiso
0	Si no puedes ser poeta, sé el poema
0	Nada tiene más fuerza que la extrema necesidad
0	Si hacemos el bien por interés, seremos astutos, pero nunca buenos
0	La soberbia no es grandeza sino hinchazón; y lo que está hinchado parece grande pero no está sano
0	Es mejor ser rey de tu silencio que esclavo de tus palabras
0	La belleza es poder; una sonrisa es su espada
0	La edad adulta es cuando te has encontrado con tanta gente que cada nueva persona te recuerda a otra
0	La razón es también una pasión
0	Nunca interrumpas a tu enemigo cuanto está cometiendo una equivocación
0	Conocer a los demás es sabiduría; conocerse a uno mismo es iluminación
0	Todo asco proviene del asco a tocar
0	Estamos aquí para vivir nuestras vidas tan bien que la Muerte tiemble al arrebatárnoslas
0	Hay dos caras en toda cuestión a discutir
0	La neurosis es la incapacidad de tolerar la ambigüedad
0	Lo que le debemos al juego de nuestra imaginación es incalculable
0	No deberíamos instruir en la lectura de libros, sino enseñar a amar los libros
0	Todo nuestro razonamiento termina en la claudicación a los sentimientos
